15_1_0_20170103200925950.jpg,1
15_1_0_20170103201148510.jpg,0
15_1_0_20170103201844088.jpg,0
15_1_0_20170104013418578.jpg,0
15_1_0_20170104013549874.jpg,0
15_1_0_20170105000525758.jpg,0
15_1_0_20170109203414090.jpg,0
15_1_0_20170109203912357.jpg,0
15_1_0_20170109204142217.jpg,0
15_1_0_20170109204150999.jpg,0
15_1_0_20170109204203014.jpg,1
15_1_0_20170109204210842.jpg,1
15_1_0_20170109204237329.jpg,0
15_1_0_20170109204314585.jpg,1
15_1_0_20170109204354264.jpg,0
15_1_0_20170109204416506.jpg,0
15_1_0_20170109212807412.jpg,0
15_1_0_20170109213421667.jpg,1
15_1_0_20170109213427133.jpg,0
15_1_0_20170109213448729.jpg,1
15_1_0_20170109213511851.jpg,1
15_1_0_20170109213537150.jpg,1
15_1_0_20170109213555287.jpg,0
15_1_0_20170109213613605.jpg,1
15_1_0_20170109214024612.jpg,0
15_1_0_20170109214058590.jpg,1
15_1_0_20170109214133273.jpg,0
15_1_0_20170109214302271.jpg,0
15_1_0_20170109214307598.jpg,0
15_1_0_20170109214319385.jpg,0
15_1_0_20170109214328421.jpg,0
15_1_0_20170109214352795.jpg,0
15_1_0_20170109214409051.jpg,0
15_1_0_20170109214412116.jpg,1
15_1_0_20170109214447621.jpg,0
15_1_0_20170109214516641.jpg,0
15_1_0_20170109214523308.jpg,1
15_1_0_20170109214626752.jpg,0
15_1_0_20170109214633067.jpg,0
15_1_0_20170109214723528.jpg,0
15_1_0_20170116201351655.jpg,0
15_1_0_20170116232438243.jpg,0
15_1_0_20170117134420894.jpg,0
16_1_0_20170102234708483.jpg,0
16_1_0_20170102234728107.jpg,0
16_1_0_20170102234805899.jpg,0
16_1_0_20170102234927276.jpg,0
16_1_0_20170103163010615.jpg,0
16_1_0_20170103201016775.jpg,0
16_1_0_20170103201213287.jpg,0
16_1_0_20170103201347823.jpg,0
16_1_0_20170103201602647.jpg,0
16_1_0_20170104011815680.jpg,0
16_1_0_20170104012333393.jpg,0
16_1_0_20170104012420681.jpg,0
16_1_0_20170104013358122.jpg,0
16_1_0_20170104013530988.jpg,0
16_1_0_20170104013543170.jpg,0
16_1_0_20170105000703117.jpg,0
16_1_0_20170105000748206.jpg,0
16_1_0_20170109201603478.jpg,0
16_1_0_20170109203419299.jpg,0
16_1_0_20170109204155179.jpg,0
16_1_0_20170109204349968.jpg,0
16_1_0_20170109204409777.jpg,0
16_1_0_20170109204530608.jpg,0
16_1_0_20170109205435776.jpg,0
16_1_0_20170109212357604.jpg,0
16_1_0_20170109212413425.jpg,1
16_1_0_20170109212446278.jpg,0
16_1_0_20170109212513215.jpg,0
16_1_0_20170109212525685.jpg,0
16_1_0_20170109212548663.jpg,0
16_1_0_20170109212802540.jpg,0
16_1_0_20170109212859323.jpg,0
16_1_0_20170109212959831.jpg,0
16_1_0_20170109213003514.jpg,0
16_1_0_20170109213007401.jpg,0
16_1_0_20170109213044006.jpg,0
16_1_0_20170109213117588.jpg,0
16_1_0_20170109213357694.jpg,0
16_1_0_20170109213440225.jpg,0
16_1_0_20170109213443708.jpg,0
16_1_0_20170109213456322.jpg,0
16_1_0_20170109213504335.jpg,0
16_1_0_20170109213604149.jpg,0
16_1_0_20170109213608540.jpg,0
16_1_0_20170109213948727.jpg,0
16_1_0_20170109213954271.jpg,0
16_1_0_20170109214013596.jpg,0
16_1_0_20170109214102958.jpg,0
16_1_0_20170109214138699.jpg,0
16_1_0_20170109214323254.jpg,0
16_1_0_20170109214333355.jpg,0
16_1_0_20170109214342165.jpg,0
16_1_0_20170109214402325.jpg,0
16_1_0_20170109214415828.jpg,0
16_1_0_20170109214419099.jpg,0
16_1_0_20170109214444528.jpg,0
16_1_0_20170109214508303.jpg,0
16_1_0_20170109214519974.jpg,0
16_1_0_20170109214535714.jpg,0
16_1_0_20170109214605824.jpg,0
16_1_0_20170109214621700.jpg,0
16_1_0_20170109214652137.jpg,0
16_1_0_20170109214719630.jpg,0
16_1_0_20170109214757287.jpg,0
16_1_0_20170112230646758.jpg,0
16_1_0_20170113210605072.jpg,0
16_1_0_20170116000649066.jpg,0
16_1_0_20170116204045849.jpg,0
16_1_0_20170116214318225.jpg,0
16_1_0_20170117133441179.jpg,0
16_1_0_20170117175202679.jpg,0
16_1_0_20170117193255060.jpg,0
16_1_0_20170119155149354.jpg,0
17_1_0_20170102234717403.jpg,0
17_1_0_20170103163207606.jpg,0
17_1_0_20170103175424111.jpg,0
17_1_0_20170104005759343.jpg,0
17_1_0_20170104011923497.jpg,0
17_1_0_20170104012351409.jpg,0
17_1_0_20170104012433529.jpg,0
17_1_0_20170104013458371.jpg,0
17_1_0_20170105183400255.jpg,0
17_1_0_20170109201558943.jpg,0
17_1_0_20170109201930035.jpg,1
17_1_0_20170109204406514.jpg,0
17_1_0_20170109205309078.jpg,0
17_1_0_20170109212812805.jpg,0
17_1_0_20170109212920120.jpg,0
17_1_0_20170109212954942.jpg,0
17_1_0_20170109213518093.jpg,0
17_1_0_20170109213559869.jpg,0
17_1_0_20170109213621558.jpg,0
17_1_0_20170109213642438.jpg,1
17_1_0_20170109213916364.jpg,0
17_1_0_20170109213929449.jpg,0
17_1_0_20170109213933756.jpg,0
17_1_0_20170109213944067.jpg,0
17_1_0_20170109214008165.jpg,0
17_1_0_20170109214021426.jpg,0
17_1_0_20170109214048004.jpg,1
17_1_0_20170109214200825.jpg,0
17_1_0_20170109214431887.jpg,0
17_1_0_20170109214542387.jpg,0
17_1_0_20170109214546339.jpg,1
17_1_0_20170109214703699.jpg,0
17_1_0_20170111182452732.jpg,0
17_1_0_20170113210605193.jpg,0
17_1_0_20170116222802508.jpg,0
17_1_0_20170117135219333.jpg,0
17_1_0_20170117140619087.jpg,0
18_1_0_20170102235007970.jpg,0
18_1_0_20170103175433456.jpg,0
18_1_0_20170103175516495.jpg,0
18_1_0_20170103180718335.jpg,0
18_1_0_20170103201359471.jpg,0
18_1_0_20170103201500071.jpg,0
18_1_0_20170104022856102.jpg,0
18_1_0_20170105002457379.jpg,0
18_1_0_20170105183423287.jpg,0
18_1_0_20170109205411880.jpg,1
18_1_0_20170109212417557.jpg,0
18_1_0_20170109212422272.jpg,1
18_1_0_20170109212425897.jpg,0
18_1_0_20170109212530499.jpg,0
18_1_0_20170109212536049.jpg,0
18_1_0_20170109212538216.jpg,0
18_1_0_20170109212554810.jpg,0
18_1_0_20170109212647587.jpg,0
18_1_0_20170109212756182.jpg,0
18_1_0_20170109212814819.jpg,0
18_1_0_20170109212818755.jpg,0
18_1_0_20170109212826322.jpg,0
18_1_0_20170109212828069.jpg,0
18_1_0_20170109212830216.jpg,0
18_1_0_20170109212847067.jpg,0
18_1_0_20170109212849263.jpg,0
18_1_0_20170109212905543.jpg,0
18_1_0_20170109212906609.jpg,0
18_1_0_20170109212908376.jpg,0
18_1_0_20170109212914272.jpg,0
18_1_0_20170109212921724.jpg,0
18_1_0_20170109212936696.jpg,0
18_1_0_20170109212956509.jpg,0
18_1_0_20170109213008587.jpg,0
18_1_0_20170109213010399.jpg,0
18_1_0_20170109213011914.jpg,0
18_1_0_20170109213013086.jpg,0
18_1_0_20170109213049651.jpg,1
18_1_0_20170109213102446.jpg,0
18_1_0_20170109213103958.jpg,0
18_1_0_20170109213109287.jpg,0
18_1_0_20170109213130477.jpg,0
18_1_0_20170109213137477.jpg,0
18_1_0_20170109213140139.jpg,0
18_1_0_20170109213142404.jpg,0
18_1_0_20170109213149718.jpg,0
18_1_0_20170109213413212.jpg,0
18_1_0_20170109213414723.jpg,0
18_1_0_20170109213451167.jpg,0
18_1_0_20170109213544430.jpg,0
18_1_0_20170109213550274.jpg,0
18_1_0_20170109213623055.jpg,0
18_1_0_20170109213624244.jpg,0
18_1_0_20170109213856511.jpg,0
18_1_0_20170109213904824.jpg,0
18_1_0_20170109213911368.jpg,0
18_1_0_20170109213919463.jpg,0
18_1_0_20170109213922168.jpg,0
18_1_0_20170109213931089.jpg,0
18_1_0_20170109213933756.jpg,0
18_1_0_20170109213935367.jpg,0
18_1_0_20170109213938695.jpg,1
18_1_0_20170109213945602.jpg,0
18_1_0_20170109214004496.jpg,0
18_1_0_20170109214042490.jpg,0
18_1_0_20170109214044181.jpg,0
18_1_0_20170109214106546.jpg,0
18_1_0_20170109214113667.jpg,0
18_1_0_20170109214116215.jpg,0
18_1_0_20170109214120554.jpg,0
18_1_0_20170109214122492.jpg,0
18_1_0_20170109214156684.jpg,0
18_1_0_20170109214215051.jpg,0
18_1_0_20170109214216731.jpg,0
18_1_0_20170109214239711.jpg,0
18_1_0_20170109214241069.jpg,1
18_1_0_20170109214248716.jpg,0
18_1_0_20170109214251980.jpg,0
18_1_0_20170109214254732.jpg,0
18_1_0_20170109214309566.jpg,0
18_1_0_20170109214336149.jpg,0
18_1_0_20170109214453184.jpg,0
18_1_0_20170109214455239.jpg,0
18_1_0_20170109214503497.jpg,0
18_1_0_20170109214512153.jpg,0
18_1_0_20170109214527742.jpg,0
18_1_0_20170109214554528.jpg,0
18_1_0_20170109214557098.jpg,0
18_1_0_20170109214559082.jpg,0
18_1_0_20170109214601671.jpg,0
18_1_0_20170109214608184.jpg,0
18_1_0_20170109214610454.jpg,1
18_1_0_20170109214646809.jpg,0
18_1_0_20170109214700491.jpg,0
18_1_0_20170109214725387.jpg,1
18_1_0_20170109214726739.jpg,0
18_1_0_20170109214749825.jpg,0
18_1_0_20170109214752340.jpg,0
18_1_0_20170109214753528.jpg,0
18_1_0_20170109214813691.jpg,0
18_1_0_20170116211949605.jpg,0
18_1_0_20170116215643425.jpg,0
18_1_0_20170117133441179.jpg,0
18_1_0_20170117135753337.jpg,0
18_1_0_20170117135802544.jpg,0
18_1_0_20170117140252214.jpg,0
18_1_0_20170117140258008.jpg,0
18_1_0_20170117140331327.jpg,0
18_1_0_20170117140340105.jpg,0
18_1_0_20170117140343665.jpg,0
18_1_0_20170117140440920.jpg,0
18_1_0_20170117140504776.jpg,0
18_1_0_20170117140751537.jpg,0
18_1_0_20170117142633417.jpg,0
18_1_0_20170117150406531.jpg,0
18_1_0_20170117193303188.jpg,0
19_1_0_20170103162951552.jpg,0
19_1_0_20170103175610671.jpg,0
19_1_0_20170103175624137.jpg,1
19_1_0_20170103201450359.jpg,0
19_1_0_20170103201503695.jpg,0
19_1_0_20170103201508633.jpg,0
19_1_0_20170103201755639.jpg,0
19_1_0_20170103201812887.jpg,0
19_1_0_20170104011946801.jpg,0
19_1_0_20170104012012331.jpg,0
19_1_0_20170105183247775.jpg,0
19_1_0_20170105183441000.jpg,0
19_1_0_20170105184107718.jpg,0
19_1_0_20170109193136416.jpg,0
19_1_0_20170109205400352.jpg,0
19_1_0_20170109212458403.jpg,0
19_1_0_20170109212903959.jpg,0
19_1_0_20170109213113295.jpg,0
19_1_0_20170109213228173.jpg,0
19_1_0_20170109213247084.jpg,0
19_1_0_20170109214615122.jpg,0
19_1_0_20170112231655238.jpg,0
19_1_0_20170116163837603.jpg,1
19_1_0_20170116201120465.jpg,0
19_1_0_20170116205908124.jpg,0
19_1_0_20170116212113630.jpg,0
19_1_0_20170117140530071.jpg,0
19_1_0_20170119145731470.jpg,0
20_1_0_20170103163040136.jpg,0
20_1_0_20170103163056975.jpg,1
20_1_0_20170103175416510.jpg,0
20_1_0_20170103175447799.jpg,0
20_1_0_20170103175525991.jpg,0
20_1_0_20170103175629504.jpg,0
20_1_0_20170103175634288.jpg,0
20_1_0_20170103175636647.jpg,0
20_1_0_20170103175638671.jpg,0
20_1_0_20170103175645974.jpg,0
20_1_0_20170103201716816.jpg,0
20_1_0_20170103201733831.jpg,0
20_1_0_20170104005910664.jpg,0
20_1_0_20170104020801388.jpg,0
20_1_0_20170104020855852.jpg,0
20_1_0_20170104021334149.jpg,0
20_1_0_20170105000707730.jpg,0
20_1_0_20170105002441599.jpg,0
20_1_0_20170105183447816.jpg,0
20_1_0_20170105183449767.jpg,0
20_1_0_20170105183741919.jpg,0
20_1_0_20170105184054896.jpg,1
20_1_0_20170109132033628.jpg,0
20_1_0_20170109212842300.jpg,0
20_1_0_20170109212911927.jpg,0
20_1_0_20170109213016635.jpg,1
20_1_0_20170109213411083.jpg,0
20_1_0_20170109213459975.jpg,0
20_1_0_20170109214040024.jpg,1
20_1_0_20170109214125992.jpg,0
20_1_0_20170109214618635.jpg,0
20_1_0_20170112231826743.jpg,0
20_1_0_20170113005610158.jpg,0
20_1_0_20170114031424981.jpg,0
20_1_0_20170116000638538.jpg,0
20_1_0_20170116204003896.jpg,0
20_1_0_20170116205807966.jpg,0
20_1_0_20170116205845438.jpg,0
20_1_0_20170116211743925.jpg,0
20_1_0_20170116212316301.jpg,0
20_1_0_20170116214335363.jpg,0
20_1_0_20170117133854316.jpg,0
20_1_0_20170117135500046.jpg,0
20_1_0_20170117140146900.jpg,0
20_1_0_20170117141204569.jpg,0
20_1_0_20170117141213281.jpg,0
20_1_0_20170117141216752.jpg,0
20_1_0_20170117141220570.jpg,0
20_1_0_20170117141223953.jpg,0
20_1_0_20170117141304848.jpg,0
20_1_0_20170117141338600.jpg,0
20_1_0_20170117141358391.jpg,0
20_1_0_20170117141400913.jpg,0
20_1_0_20170117150259426.jpg,0
20_1_0_20170117171624989.jpg,0
20_1_0_20170117183640921.jpg,0
20_1_0_20170117192327053.jpg,0
20_1_0_20170117192922563.jpg,0
20_1_0_20170117192932485.jpg,0
20_1_0_20170117193547491.jpg,0
20_1_0_20170117193612788.jpg,0
20_1_0_20170117193616027.jpg,0
20_1_0_20170119153358328.jpg,0
20_1_0_20170119153405080.jpg,0
20_1_0_20170119153410801.jpg,0
20_1_0_20170119153717575.jpg,0
20_1_0_20170119153738075.jpg,0
20_1_0_20170120140127200.jpg,0
21_1_0_20170103180123239.jpg,1
21_1_0_20170103201838744.jpg,0
21_1_0_20170104020509980.jpg,0
21_1_0_20170104231331482.jpg,1
21_1_0_20170104234439209.jpg,0
21_1_0_20170104234933489.jpg,0
21_1_0_20170105002525812.jpg,0
21_1_0_20170105183508735.jpg,0
21_1_0_20170105183522855.jpg,0
21_1_0_20170109213123896.jpg,0
21_1_0_20170109213126942.jpg,0
21_1_0_20170109213135260.jpg,0
21_1_0_20170109213908912.jpg,0
21_1_0_20170109214656355.jpg,0
21_1_0_20170111182452742.jpg,0
21_1_0_20170112233431458.jpg,0
21_1_0_20170112233433959.jpg,0
21_1_0_20170112233608086.jpg,0
21_1_0_20170112233610183.jpg,0
21_1_0_20170114032157249.jpg,0
21_1_0_20170116205856338.jpg,0
21_1_0_20170116214341701.jpg,0
21_1_0_20170116214441148.jpg,0
21_1_0_20170116214444473.jpg,0
21_1_0_20170116215450607.jpg,0
21_1_0_20170116215627769.jpg,0
21_1_0_20170116215708125.jpg,0
21_1_0_20170116220220347.jpg,0
21_1_0_20170116220224031.jpg,0
21_1_0_20170116220441404.jpg,0
21_1_0_20170116234657499.jpg,0
21_1_0_20170117141734034.jpg,0
21_1_0_20170117141834506.jpg,1
21_1_0_20170117142326768.jpg,0
21_1_0_20170117142329848.jpg,0
21_1_0_20170117142333762.jpg,0
21_1_0_20170117142338224.jpg,1
21_1_0_20170117142341545.jpg,0
21_1_0_20170117142529474.jpg,0
21_1_0_20170117142612442.jpg,0
21_1_0_20170117142648466.jpg,1
21_1_0_20170117142653808.jpg,1
21_1_0_20170117193630115.jpg,0
21_1_0_20170117193737828.jpg,0
21_1_0_20170117193748045.jpg,0
21_1_0_20170120134012302.jpg,0
22_1_0_20170103163108007.jpg,1
22_1_0_20170103163248351.jpg,0
22_1_0_20170103180211110.jpg,0
22_1_0_20170103183738666.jpg,0
22_1_0_20170103235726923.jpg,0
22_1_0_20170104021327948.jpg,1
22_1_0_20170104165415377.jpg,1
22_1_0_20170105002545990.jpg,0
22_1_0_20170105183534558.jpg,0
22_1_0_20170105184130182.jpg,1
22_1_0_20170109213059848.jpg,0
22_1_0_20170109213850161.jpg,0
22_1_0_20170110173815028.jpg,0
22_1_0_20170111182452750.jpg,0
22_1_0_20170112192301390.jpg,0
22_1_0_20170112192312350.jpg,0
22_1_0_20170112233719345.jpg,0
22_1_0_20170112233731616.jpg,0
22_1_0_20170112233734192.jpg,1
22_1_0_20170112233748358.jpg,1
22_1_0_20170112233750014.jpg,0
22_1_0_20170113182819149.jpg,0
22_1_0_20170114025444380.jpg,0
22_1_0_20170114033329650.jpg,0
22_1_0_20170116205812305.jpg,0
22_1_0_20170116214314602.jpg,0
22_1_0_20170116214345265.jpg,0
22_1_0_20170116220644040.jpg,0
22_1_0_20170116220646631.jpg,0
22_1_0_20170116220816105.jpg,0
22_1_0_20170116220932996.jpg,0
22_1_0_20170116220934918.jpg,0
22_1_0_20170116220936851.jpg,0
22_1_0_20170116220938702.jpg,0
22_1_0_20170116220950381.jpg,0
22_1_0_20170117133125316.jpg,0
22_1_0_20170117141120129.jpg,0
22_1_0_20170117141131710.jpg,0
22_1_0_20170117143206386.jpg,1
22_1_0_20170117143702099.jpg,0
22_1_0_20170117143705482.jpg,0
22_1_0_20170117171049498.jpg,0
22_1_0_20170117193908380.jpg,0
22_1_0_20170117194001595.jpg,0
22_1_0_20170120133800998.jpg,0
22_1_0_20170120133804390.jpg,0
23_1_0_20170103163102400.jpg,0
23_1_0_20170103163120968.jpg,0
23_1_0_20170103163123528.jpg,0
23_1_0_20170103180035647.jpg,0
23_1_0_20170103180412080.jpg,0
23_1_0_20170103180414191.jpg,0
23_1_0_20170103180451856.jpg,0
23_1_0_20170103180518664.jpg,0
23_1_0_20170103180703224.jpg,0
23_1_0_20170103223610503.jpg,0
23_1_0_20170103223641295.jpg,1
23_1_0_20170103233631243.jpg,0
23_1_0_20170103234935189.jpg,0
23_1_0_20170104020712460.jpg,1
23_1_0_20170104021538021.jpg,0
23_1_0_20170104023208069.jpg,0
23_1_0_20170104165334721.jpg,0
23_1_0_20170104234542547.jpg,0
23_1_0_20170105002627948.jpg,0
23_1_0_20170105183727831.jpg,0
23_1_0_20170111182452759.jpg,0
23_1_0_20170112234027666.jpg,0
23_1_0_20170112234124928.jpg,0
23_1_0_20170112234126720.jpg,0
23_1_0_20170112234128328.jpg,0
23_1_0_20170112234202903.jpg,0
23_1_0_20170112234220808.jpg,0
23_1_0_20170112234244982.jpg,0
23_1_0_20170112234310143.jpg,1
23_1_0_20170112234313416.jpg,0
23_1_0_20170112234315344.jpg,0
23_1_0_20170112234331591.jpg,0
23_1_0_20170116173236417.jpg,0
23_1_0_20170116201840541.jpg,0
23_1_0_20170116211903141.jpg,0
23_1_0_20170116221713318.jpg,0
23_1_0_20170116221715630.jpg,0
23_1_0_20170116221717766.jpg,0
23_1_0_20170116221719806.jpg,0
23_1_0_20170116221809969.jpg,0
23_1_0_20170116221811019.jpg,0
23_1_0_20170116221811842.jpg,0
23_1_0_20170116221812669.jpg,0
23_1_0_20170116221813922.jpg,0
23_1_0_20170116221814613.jpg,0
23_1_0_20170116221815459.jpg,0
23_1_0_20170116221819522.jpg,0
23_1_0_20170116221827674.jpg,0
23_1_0_20170116221828462.jpg,0
23_1_0_20170116221829199.jpg,0
23_1_0_20170116221829961.jpg,0
23_1_0_20170116221851470.jpg,0
23_1_0_20170116222839270.jpg,0
23_1_0_20170117142807780.jpg,0
23_1_0_20170117144712244.jpg,0
23_1_0_20170117144727035.jpg,0
23_1_0_20170117144740562.jpg,0
23_1_0_20170117144757777.jpg,0
23_1_0_20170117144809468.jpg,0
23_1_0_20170117144812555.jpg,0
23_1_0_20170117144822363.jpg,0
23_1_0_20170117144825371.jpg,0
23_1_0_20170117144839499.jpg,0
23_1_0_20170117144901132.jpg,0
23_1_0_20170117144910291.jpg,0
23_1_0_20170117144933457.jpg,0
23_1_0_20170117144945297.jpg,1
23_1_0_20170117144947570.jpg,0
23_1_0_20170117145019683.jpg,0
23_1_0_20170117145031171.jpg,0
23_1_0_20170117145105755.jpg,0
23_1_0_20170117145123986.jpg,0
23_1_0_20170117145132068.jpg,0
23_1_0_20170117171803722.jpg,0
23_1_0_20170117175925529.jpg,1
23_1_0_20170117194120347.jpg,0
23_1_0_20170117194248629.jpg,0
24_1_0_20161223231304660.jpg,0
24_1_0_20170103163127424.jpg,0
24_1_0_20170103163129280.jpg,0
24_1_0_20170103163324584.jpg,0
24_1_0_20170103180549431.jpg,1
24_1_0_20170103180557248.jpg,0
24_1_0_20170103180601840.jpg,0
24_1_0_20170103180625656.jpg,0
24_1_0_20170103180635111.jpg,0
24_1_0_20170103180642496.jpg,0
24_1_0_20170103180732376.jpg,0
24_1_0_20170103224725272.jpg,0
24_1_0_20170103225156008.jpg,0
24_1_0_20170104015931173.jpg,0
24_1_0_20170104021019292.jpg,0
24_1_0_20170104021527253.jpg,0
24_1_0_20170104022030117.jpg,0
24_1_0_20170104022714148.jpg,0
24_1_0_20170104022800709.jpg,0
24_1_0_20170104233906146.jpg,0
24_1_0_20170104234624491.jpg,0
24_1_0_20170104234820025.jpg,0
24_1_0_20170105000615467.jpg,1
24_1_0_20170105000720347.jpg,1
24_1_0_20170105003235308.jpg,0
24_1_0_20170105162704533.jpg,0
24_1_0_20170105183445456.jpg,0
24_1_0_20170105183611646.jpg,0
24_1_0_20170105183618095.jpg,0
24_1_0_20170105183641479.jpg,0
24_1_0_20170105183749799.jpg,0
24_1_0_20170105183859832.jpg,0
24_1_0_20170105184011327.jpg,0
24_1_0_20170108225915369.jpg,0
24_1_0_20170109132509565.jpg,0
24_1_0_20170109214739809.jpg,0
24_1_0_20170111182452767.jpg,0
24_1_0_20170111182452774.jpg,0
24_1_0_20170111182452781.jpg,0
24_1_0_20170112204907819.jpg,0
24_1_0_20170112230455412.jpg,0
24_1_0_20170112231916526.jpg,0
24_1_0_20170112234608449.jpg,1
24_1_0_20170112234658946.jpg,0
24_1_0_20170116000527997.jpg,0
24_1_0_20170116172723427.jpg,0
24_1_0_20170116174513932.jpg,0
24_1_0_20170116174738833.jpg,0
24_1_0_20170116205746244.jpg,0
24_1_0_20170116205900085.jpg,0
24_1_0_20170116205903763.jpg,0
24_1_0_20170116211847315.jpg,0
24_1_0_20170116211912644.jpg,0
24_1_0_20170116211933213.jpg,0
24_1_0_20170116214212261.jpg,0
24_1_0_20170116214224254.jpg,0
24_1_0_20170116214235749.jpg,0
24_1_0_20170116214311227.jpg,0
24_1_0_20170116214453175.jpg,0
24_1_0_20170116214532199.jpg,0
24_1_0_20170116215624769.jpg,0
24_1_0_20170116215632635.jpg,0
24_1_0_20170116215636399.jpg,0
24_1_0_20170116215712426.jpg,0
24_1_0_20170116220128735.jpg,0
24_1_0_20170116220210491.jpg,0
24_1_0_20170116220232605.jpg,0
24_1_0_20170116220317125.jpg,0
24_1_0_20170116220453857.jpg,0
24_1_0_20170116222200924.jpg,0
24_1_0_20170116222405565.jpg,0
24_1_0_20170116222419515.jpg,0
24_1_0_20170116222429652.jpg,0
24_1_0_20170116222618238.jpg,0
24_1_0_20170116222626783.jpg,0
24_1_0_20170116222759439.jpg,0
24_1_0_20170116222814643.jpg,0
24_1_0_20170116222827257.jpg,0
24_1_0_20170116222832772.jpg,0
24_1_0_20170116222842089.jpg,0
24_1_0_20170116222843605.jpg,0
24_1_0_20170116222857892.jpg,0
24_1_0_20170116222936821.jpg,0
24_1_0_20170116225049260.jpg,0
24_1_0_20170117013808240.jpg,0
24_1_0_20170117120938226.jpg,0
24_1_0_20170117135702616.jpg,1
24_1_0_20170117145431948.jpg,0
24_1_0_20170117145436643.jpg,0
24_1_0_20170117145637012.jpg,0
24_1_0_20170117150303070.jpg,0
24_1_0_20170117150310308.jpg,0
24_1_0_20170117150312410.jpg,0
24_1_0_20170117150315450.jpg,0
24_1_0_20170117150326821.jpg,1
24_1_0_20170117150414570.jpg,0
24_1_0_20170117150424339.jpg,0
24_1_0_20170117150515251.jpg,0
24_1_0_20170117150517123.jpg,0
24_1_0_20170117150524692.jpg,0
24_1_0_20170117150535820.jpg,0
24_1_0_20170117150538420.jpg,0
24_1_0_20170117150642259.jpg,0
24_1_0_20170117150644092.jpg,0
24_1_0_20170117150731090.jpg,0
24_1_0_20170117150740282.jpg,0
24_1_0_20170117150813388.jpg,0
24_1_0_20170117150815148.jpg,0
24_1_0_20170117150817978.jpg,0
24_1_0_20170117150848786.jpg,0
24_1_0_20170117150853517.jpg,0
24_1_0_20170117150858676.jpg,0
24_1_0_20170117150901270.jpg,0
24_1_0_20170117150909051.jpg,1
24_1_0_20170117150911661.jpg,0
24_1_0_20170117155121820.jpg,0
24_1_0_20170117191400699.jpg,0
24_1_0_20170117194528243.jpg,0
24_1_0_20170117194558907.jpg,0
24_1_0_20170117194613108.jpg,0
24_1_0_20170117194653203.jpg,0
24_1_0_20170117194749524.jpg,0
24_1_0_20170117194800876.jpg,0
24_1_0_20170117194813077.jpg,0
24_1_0_20170117194857869.jpg,0
24_1_0_20170117194916850.jpg,0
24_1_0_20170117194942245.jpg,0
24_1_0_20170117194952853.jpg,0
24_1_0_20170117194955099.jpg,0
24_1_0_20170119170930694.jpg,0
24_1_0_20170119170936274.jpg,0
24_1_0_20170119171026777.jpg,0
24_1_0_20170119211426377.jpg,0
